<DATE>;<TIME>;<OPEN>;<HIGH>;<LOW>;<CLOSE>;<VOL>
210610;000000;314.8;316.58;313.76;314.62;29.201.370
210611;000000;314.88;315.08;312.5;313;21.902.100
210614;000000;313.48;314.87;310.4;314.12;25.494.830
210615;000000;314.13;315.6;312.4;312.51;29.704.890
210616;000000;312.5;314.54;311.03;311.61;38.224.960
210617;000000;311;315.42;310.46;313.9;44.164.540
210618;000000;313.44;313.82;308.13;309.3;62.327.060
210621;000000;308.45;310.4;306.56;310.4;36.086.020
210622;000000;310.79;311.17;308.13;309.73;23.511.320
210623;000000;310.4;312;308.69;309.79;24.810.790
210624;000000;309.82;311.2;308.84;310;19.708.450
210625;000000;310.41;312.5;309.82;311.81;22.588.790
210628;000000;311.76;312.06;309.13;309.48;19.409.430
210629;000000;308.7;309.23;303.66;306.1;33.868.700
210630;000000;306.35;306.91;303.34;306.45;31.492.940
210701;000000;306.19;307.35;305;305.78;19.958.090
210702;000000;305.59;308.37;304.71;307.39;28.893.920
210705;000000;307.81;308.11;304.8;307;16.481.560
210706;000000;307.32;307.59;302.37;303.34;32.667.720
210707;000000;303.56;306.2;302.85;304.06;22.612.920
210708;000000;302.99;304.3;300.62;302.63;30.696.840
210709;000000;302.71;304.1;301.22;303.56;20.523.480
210712;000000;303.56;306.27;301.52;306.23;25.280.830
210713;000000;306.85;307.22;302.11;303;21.233.230
210714;000000;302.7;303.69;300.74;301.5;23.920.780
210715;000000;301.19;303.5;299.77;301.72;21.082.200
210716;000000;301.92;304.78;298.57;298.85;34.532.240
210719;000000;298;298.36;290.03;291.46;41.244.150
210720;000000;292.34;296.8;292.3;296.1;35.564.960
210721;000000;296.01;296.94;293.54;294.86;17.526.680
210722;000000;295.77;298.17;294.43;297.27;20.319.290
210723;000000;297.5;298.69;295.04;296.38;14.959.920
210726;000000;293.99;303.68;291.98;303.34;33.887.060
210727;000000;302.66;304.59;299.38;299.71;38.559.430
210728;000000;300.48;302.98;300;302.9;26.896.580
210729;000000;304.14;305.27;303.03;303.12;27.950.010
210730;000000;302.42;306.67;301.12;305.59;49.522.680
210802;000000;306.31;308.63;306.06;306.51;31.506.510
210803;000000;306.31;309.89;306.25;309.89;33.788.860
210804;000000;310.26;312;309.25;311.1;30.666.580
210805;000000;311.02;315.91;310.82;315.82;37.290.300
210806;000000;316.1;320;315.31;319.15;54.096.400
210809;000000;318.56;328.3;317.62;326.91;71.958.140
210810;000000;328.05;331.29;326.97;330.11;41.507.840
210811;000000;330.7;330.98;326.21;329.9;34.418.000
210812;000000;330;330.64;327.3;328.57;20.985.080
210813;000000;328.6;330.27;327.31;328.68;18.758.270
210816;000000;327.56;330.52;327.13;329.36;23.916.510
210817;000000;329;335.7;328.55;334.5;42.463.620
210818;000000;336.05;338.99;333.26;334.9;36.270.350
210819;000000;333.5;334;329.1;332.69;45.936.410
210820;000000;332.2;333.27;325.17;325.67;36.352.850
210823;000000;327.85;329.81;326.55;329.22;20.539.290
210824;000000;330.37;331.22;323.32;324.83;35.650.540
210825;000000;324.29;325.32;321.26;324.57;28.071.640
210826;000000;324.03;325.55;320.58;322.54;27.463.480
210827;000000;323.74;327.5;321.8;327.41;27.792.410
210830;000000;328.42;329.38;326.51;328.28;20.356.090
210831;000000;328.54;330.48;327.3;327.94;32.440.160
210901;000000;328.87;334.64;328.03;334.57;30.671.130
210902;000000;334.67;334.91;328.77;329;31.562.590
210903;000000;329.47;330.53;326.62;329.71;29.597.400
210906;000000;330;331.45;328.5;329.37;17.467.620
210907;000000;329.82;330.73;324.64;325.96;24.443.360
210908;000000;325.96;332.74;322.84;331.7;47.818.530
210909;000000;330.4;330.4;325.69;326.01;29.884.250
210910;000000;328.01;328.43;325.21;326.25;17.390.450
210913;000000;327.02;328.14;324.01;327.41;24.349.520
210914;000000;327.45;328.84;325.48;326.48;22.491.700
210915;000000;326.46;334.6;326.46;333.51;43.810.600
210916;000000;333.04;334.5;324.91;326.99;62.479.270
210917;000000;326.9;331.73;325.7;329.56;54.120.880
210920;000000;327.01;328.85;325;326.92;31.671.550
210921;000000;328.44;329.48;322.39;323.25;47.704.160
210922;000000;325.28;328.9;322.5;327.8;38.085.450
210923;000000;328.94;329.4;325.13;327.02;27.033.650
210924;000000;326.08;326.23;323.62;325.44;24.552.590
210927;000000;326.32;332.46;326.09;331.68;34.346.920
210928;000000;332.06;334.48;328.32;329.3;52.511.780
210929;000000;329.09;330.45;327.15;328.43;27.597.990
210930;000000;329.98;342.2;329.45;340.99;83.549.930
211001;000000;339.21;339.94;336.08;338.48;37.617.680
211004;000000;337.81;349.31;336.22;345.85;59.987.320
211005;000000;346.79;365;344.9;363.2;86.810.410
211006;000000;366;375.48;359.35;364.28;95.588.390
211007;000000;367.69;374;365.88;368.93;49.466.740
211008;000000;369.5;374.55;368;373.01;31.010.000
211011;000000;375.05;388.11;375;387.6;66.555.950
211012;000000;385.9;386.86;376.72;377.79;51.365.340
211013;000000;378.7;380.91;370.81;378.8;54.668.150
211014;000000;382.02;383.13;374.57;376.09;36.290.870
211015;000000;377.5;378.41;370.43;371.82;37.276.570
211018;000000;369.35;369.91;363.75;364.6;38.112.280
211019;000000;365.68;373.4;361.5;373.18;40.008.020
211020;000000;371.83;371.97;367.1;370.16;27.515.020
211021;000000;368.2;371.14;363.2;364.6;24.461.840
211022;000000;364.06;370.39;362.37;364.37;26.322.460
211025;000000;366.19;371.7;361.68;369.99;35.623.260
211026;000000;369.89;374.63;365.66;372.16;41.746.810
211027;000000;371;374;366.51;371.36;36.305.740
211028;000000;370.5;374.92;362.32;365.36;53.785.930
211029;000000;364.33;364.33;352.68;356.14;53.476.690
211101;000000;356.14;371.47;356.14;370.96;55.120.560
211102;000000;370.98;374;367.2;370.7;37.697.650
211103;000000;370;370.5;365.03;370.13;30.833.580
211105;000000;366.98;367.56;358.5;360.21;39.012.570
211108;000000;362.59;363.97;355.6;358.39;39.658.600
211109;000000;358.41;364.58;355.6;357.44;41.687.090
211110;000000;356.68;358.8;348;348.65;46.528.570
211111;000000;350.14;357.89;347.22;356.24;42.860.130
211112;000000;356.24;356.37;339.68;347.59;100.664.120
211115;000000;348.67;352.8;342.76;344.39;59.812.240
211116;000000;345.91;346.47;336.01;337.91;61.959.550
211117;000000;338;343.57;336.6;339.89;49.464.380
211118;000000;338.9;343.12;333.5;336.93;47.108.510
211119;000000;339.37;339.99;325.7;327.56;66.943.180
211122;000000;326.03;326.39;306.67;309.15;144.324.090
211123;000000;306.28;327.01;300.1;326.84;144.820.750
211124;000000;328;329.97;317.35;321.22;77.871.110
211125;000000;322.37;322.96;316.11;317.29;44.048.010
211126;000000;307.13;312;303.22;304.42;90.384.610
211129;000000;311.14;322.15;309.42;316.57;82.133.140
211130;000000;311;318.58;310.09;315;98.128.940
211201;000000;321.35;329.44;319.51;324.4;69.783.520
211202;000000;325.21;329;320.54;326.8;61.404.320
211203;000000;327.6;328.95;318.4;320.66;43.075.790
211206;000000;322;324.16;304.18;307.5;99.674.420
211207;000000;307.5;313.03;300.5;309.79;154.149.090
211208;000000;310.97;316.88;291.57;296.95;241.030.570
211209;000000;297.49;304.94;292.5;300.4;133.927.110
211210;000000;300.41;304.28;294.43;297.44;82.043.690
211213;000000;298.28;300.99;280.08;280.64;146.306.320
211214;000000;280.21;286.09;261.5;284.9;176.473.700
211215;000000;285;287.79;279.44;286.65;87.516.430
211216;000000;287.75;298.7;286.2;295.89;134.776.020
211217;000000;295;296.73;291.61;294.9;109.764.650
211220;000000;293.11;293.11;285.63;288.4;79.622.500
211221;000000;289.8;293.4;286.76;291.7;64.919.700
211222;000000;291.83;297.23;289.23;294;63.855.050
211223;000000;294.68;298.1;291.26;292.8;55.531.330
211224;000000;293;294.18;289;293.89;37.669.750
211227;000000;294.79;296;293.37;295.68;35.728.530
211228;000000;295.84;297.55;294.18;295;37.853.360
211229;000000;295.05;295.55;291.33;293.51;37.668.260
211230;000000;293.61;294.89;291.52;293.49;42.566.850
220103;000000;295.9;305.5;294.34;305.47;50.156.260
220104;000000;305.51;310.1;301.63;304.24;53.268.220
220105;000000;303.56;304.26;287;287.01;70.015.940
220106;000000;286.86;295.1;281;293.92;79.329.410
220110;000000;295.53;298.88;288.68;291.69;67.393.720
220111;000000;292.93;293.94;288.71;291.88;58.894.910
220112;000000;292.5;292.92;285.05;290.4;81.815.210
220113;000000;289.69;290.37;269.9;272.5;211.547.650
220114;000000;272.39;277.98;249.2;261;406.232.780
220117;000000;262.2;264.01;247;257.78;248.613.210
220118;000000;258.8;259.39;228.09;234.7;484.049.150
220119;000000;232.89;249;221.03;244.86;360.884.470
220120;000000;244.12;263;240.01;254.61;329.059.220
220121;000000;252.98;259.08;246;246.9;295.614.320
220124;000000;246.51;249.88;226;236.97;325.615.680
220125;000000;236.99;243.55;231;239.59;232.503.340
220126;000000;240.06;245.17;233.3;236.9;224.800.440
220127;000000;234.99;260;233.1;254.29;301.187.890
220128;000000;255.86;262;252.02;257.82;204.153.960
220131;000000;258.88;269.6;258.81;269.42;156.087.540
220201;000000;269.71;273.1;260.56;264.7;170.357.700
220202;000000;265.8;266.91;254.52;261;170.198.890
220203;000000;258.45;259.87;250.06;250.79;151.127.560
220204;000000;251.99;259.74;251.91;256.53;126.990.670
220207;000000;257;260.53;253.52;257.61;85.547.520
220208;000000;257.61;269.9;256.52;269.8;161.498.400
220209;000000;270.01;279.71;270;279.09;193.232.800
220210;000000;279.21;282.3;273.67;275.2;180.119.880
220211;000000;274.88;275.87;259.61;260.83;213.783.420
220214;000000;256.69;259.5;245.1;256.7;357.398.630
220215;000000;257.6;274;257.51;274;271.473.810
220216;000000;276.88;281;274.15;277.78;195.684.110
220217;000000;277;277;259.36;260.58;262.060.710
220218;000000;262.14;267;245;250.28;270.538.090
220221;000000;249.12;258.32;184.3;201;1.084.339.130
220222;000000;198.72;219.9;182.03;208.53;945.941.710
220224;000000;186.58;187.54;89.59;132.18;828.329.350
220225;000000;123.75;152.89;115.11;131.12;396.287.150
220324;000000;131;156.2;130.15;136.24;153.705.270
220325;000000;137.1;147;128.2;131.5;57.307.510
220328;000000;130.6;131.47;125;125;32.756.540
220329;000000;126.19;137.57;122;128.77;72.242.360
220330;000000;136.5;138.4;131.11;134.6;35.411.460
220331;000000;135.2;147.41;134.52;143.69;118.239.240
220401;000000;144.99;155.4;144.51;154.5;118.603.620
220404;000000;158.76;166.88;150.2;166;115.516.920
220405;000000;169.83;169.9;147.76;154.1;130.008.010
220406;000000;143.52;153.3;140.65;141.6;108.343.440
220407;000000;143.2;149.9;142.5;147.5;58.520.280
220408;000000;149.01;151;141.06;143.72;48.314.240
220411;000000;144.12;146.98;138.5;138.69;47.482.340
220412;000000;138.84;140.1;130.35;135.38;75.342.120
220413;000000;136.78;138.14;132.72;135.5;38.947.640
220414;000000;135.7;135.89;129.05;129.05;44.206.040
220415;000000;128.55;131.72;125.12;130.88;46.693.490
220418;000000;131.45;132.68;123.7;123.85;58.331.430
220419;000000;123.85;123.85;115.36;120.3;79.797.640
220420;000000;120.9;125.44;117.51;121.5;66.509.740
220421;000000;121.97;123.05;117.85;118.65;40.607.300
220422;000000;118.69;122.32;115.55;116.97;57.392.470
220425;000000;115.95;116.4;111.5;111.9;45.714.280
220426;000000;112.58;124.92;111.9;122.36;83.480.680
220427;000000;123.01;131.73;120.6;131.11;115.400.220
220428;000000;132.14;134.5;123.05;123.85;123.344.490
220429;000000;123.6;130;122.8;128.8;87.296.290
220504;000000;129.1;131.5;122.5;123.2;67.177.440
220505;000000;124.21;125.54;122.75;124.8;42.303.350
220506;000000;124.74;124.99;121.52;123.1;30.558.900
220511;000000;123.01;126.05;121.86;123.34;32.776.680
220512;000000;123.1;123.74;118.05;119.15;30.817.890
220513;000000;120.45;121.59;118.2;120.2;22.762.650
220516;000000;120.7;123.5;119.5;123.41;34.889.180
220517;000000;124.01;127.78;123.65;127.75;41.838.840
220518;000000;128.2;131.3;125;125.12;55.422.410
220519;000000;125.31;126.86;123.21;125.6;34.146.310
220520;000000;126.07;127;121.05;122.2;39.225.870
220523;000000;121.51;122.5;118.9;119.46;37.711.030
220524;000000;119.45;125;117.1;123.6;45.091.260
220525;000000;124.12;125.5;120.5;124.15;53.466.830
220526;000000;124.81;125.99;122;123;51.897.210
220527;000000;123.1;123.5;120.9;121.22;32.523.920
220530;000000;121.6;123;120.21;120.67;24.894.090
220531;000000;120;120;117.62;118.3;29.907.440
220601;000000;117.5;122.69;117;121.97;43.722.390
220602;000000;121.9;122.39;118.5;119;42.732.340
220603;000000;119.29;120.16;117.18;119.21;34.298.730
220606;000000;119.36;120.35;118.29;118.78;22.191.350
220607;000000;118.65;118.9;117.32;118.32;22.238.300
220608;000000;118.5;122.19;118.4;119.9;41.488.860
220609;000000;120.06;120.2;117.7;118.2;29.343.850
220610;000000;118.03;119.55;117.73;118.07;25.343.510
220614;000000;118.04;119.88;115.8;118.98;37.579.410
220615;000000;119.4;121.71;118.71;121.14;52.145.030
220616;000000;121.5;123.73;120.41;123.73;47.892.000
220617;000000;123.9;125.18;123.11;123.88;36.503.100
220620;000000;124.05;131.5;123.6;131.29;65.637.580
220621;000000;131.98;133.49;127.11;129.1;75.189.920
220622;000000;127.88;133.21;126.03;133.11;67.693.510
220623;000000;133.82;138.4;131.5;136.85;107.981.870
220624;000000;137.19;138.3;135.21;137.76;45.185.200
220627;000000;137.7;141.77;136.77;141.15;69.806.790
220628;000000;141.76;142.35;138.5;139.99;54.771.750
220629;000000;139.81;139.89;132.75;132.8;55.124.090
220630;000000;132.5;135.44;123.55;125.2;91.333.370
220701;000000;124.5;132;122.5;129.91;60.560.280
220704;000000;129.1;132.8;127.16;131.43;47.772.880
220705;000000;132;135.7;131.43;133.5;51.576.470
220706;000000;133.43;137.1;132.5;134;47.025.990
220707;000000;134.1;135.2;131.22;133.09;42.980.870
220708;000000;133.16;133.98;130.9;133.3;27.594.700
220711;000000;132.75;133.9;126.42;126.8;53.657.260
220712;000000;126.6;129.35;124.2;129;57.174.340
220713;000000;129.6;129.95;125.36;126;45.871.190
220714;000000;125.95;128;124.61;125.9;41.631.700
220715;000000;126.2;129.44;125.27;128.9;44.919.840
220718;000000;130;130.64;127.25;128.11;35.315.600
220719;000000;128;128.11;125.51;127.76;32.335.000
220720;000000;128.12;129.2;126.16;126.44;34.673.960
220721;000000;126.4;126.83;122.24;125.48;53.582.090
220722;000000;125.52;129.1;125.03;128.82;46.422.190
220725;000000;128.93;132;127.24;131.45;55.831.830
220726;000000;132.04;133.9;131;132.9;50.300.050
220727;000000;132.9;134.79;131.62;132.5;42.456.260
220728;000000;133.01;133.49;130.1;131.72;40.042.950
220729;000000;131.69;132.75;130.31;131.9;27.767.320
220801;000000;131.77;131.77;127.34;127.34;44.231.460
220802;000000;126.6;128.44;125.6;127.53;43.884.150
220803;000000;128.06;129.15;126.27;126.85;30.874.750
220804;000000;126.94;128.13;126.16;126.95;19.529.260
220805;000000;127.5;127.58;122.24;122.4;61.105.370
220808;000000;126.14;127.38;123.51;123.81;52.606.720
220809;000000;123.9;126.5;122.3;126.4;37.895.140
220810;000000;126.25;127.29;124.87;126.2;31.865.110
220811;000000;126.88;126.97;123.07;123.45;30.717.890
220812;000000;123.48;124.98;122.6;124.88;27.133.850
220815;000000;124.6;125.7;123.28;125;25.301.550
220816;000000;125.17;126.86;124.53;126.39;27.210.450
220817;000000;126.57;127.44;124.5;124.5;32.862.470
220818;000000;124.39;126.5;123.92;126.3;25.365.910
220819;000000;126.35;126.36;124.72;125.2;18.581.110
220822;000000;125.08;126.69;124.7;126.06;24.420.350
220823;000000;126.06;130.49;126.01;130.38;65.383.170
220824;000000;130.6;131.64;127.85;128.15;45.722.080
220825;000000;128.18;129.81;127.1;128.18;35.847.360
220826;000000;128.14;130.5;127.62;130.4;32.857.860
220829;000000;130.12;131.4;129.52;131.17;40.725.660
220830;000000;131.2;132.6;129.65;130.05;50.972.000
220831;000000;132.3;138.34;131.5;134.25;106.571.380
220901;000000;133.98;138.22;132.02;138.2;54.786.340
220902;000000;138.75;144.9;136.22;143.8;136.591.640
220905;000000;143.48;145.1;139.11;141;87.387.950
220906;000000;140.9;141.07;135.22;137.23;86.562.180
220907;000000;136.96;139.19;135.41;136.86;60.616.830
220908;000000;136.68;137.4;134;134.51;57.655.660
220909;000000;134.45;138.47;134.23;138.15;48.925.660
220912;000000;137.12;140.37;136.8;138.7;52.455.460
220913;000000;138.71;139.37;136.15;137;44.533.690
220914;000000;136.7;139.29;135.2;138.9;62.768.230
220915;000000;139.15;140.28;137.61;139.48;56.215.930
220916;000000;139.38;141.39;136.8;137.73;71.732.740
220919;000000;137.45;139.08;137.07;138.04;33.202.580
220920;000000;137.86;138.35;122.42;125.1;208.908.480
220921;000000;112.5;123.98;109.27;120.23;134.746.110
220922;000000;120.35;126.95;120.35;124.31;117.343.820
220923;000000;124.45;124.5;117.35;119.39;85.382.140
220926;000000;114.99;117.99;105;107.06;147.877.290
220927;000000;110;113.89;107.07;112.92;90.733.010
220928;000000;112;115.2;109.13;111.06;77.869.660
220929;000000;111.59;112.2;107.68;110.41;67.451.840
220930;000000;110.9;113.4;103.4;110.21;133.531.450
221003;000000;110.67;114.65;109;114.35;73.873.990
221004;000000;115.05;115.5;110.3;110.55;83.422.320
221005;000000;110.46;110.49;106.25;108.51;90.327.920
221006;000000;108.65;110.38;107.57;108.24;51.634.990
221007;000000;107.72;108.48;101.3;101.5;90.940.030
221010;000000;96.55;106.77;96.5;106.71;116.896.490
221011;000000;106.55;108.3;104.26;107.72;76.867.120
221012;000000;108.27;108.5;105.25;105.9;63.331.750
221013;000000;105.7;107.3;104.8;106.5;46.813.160
221014;000000;106.93;109.19;105.69;107.78;52.538.120
221017;000000;107.99;112.76;107.65;112.44;78.420.110
221018;000000;113.05;114.37;110.48;110.88;101.627.180
221019;000000;110.2;112.93;109.3;112.39;90.574.840
221020;000000;112.76;117.2;112.37;116.98;100.612.540
221021;000000;116.93;119.94;114.37;119.45;102.297.020
221024;000000;120.15;121.68;117.65;118.8;74.327.210
221025;000000;118.86;125.2;118.3;124.36;114.126.120
221026;000000;124.71;126.88;122.1;124.43;108.350.490
221027;000000;124.75;127.5;123.68;126.61;87.825.200
221028;000000;126.13;127.25;124.6;126.97;73.494.940
221031;000000;127.2;128.6;125.41;126.72;60.649.080
221101;000000;127.23;127.97;126.12;127.05;36.720.430
221102;000000;127.05;127.74;123.75;125.49;40.156.380
221103;000000;125.39;126.1;123.91;125.75;47.535.720
221107;000000;127.02;132;126.5;132;91.496.790
221108;000000;131.99;133.11;130.1;131.29;69.371.580
221109;000000;131.06;131.47;126.42;127.3;64.832.870
221110;000000;131.02;136.69;129.77;136.68;170.890.500
221111;000000;137.71;138.42;135.13;136.98;75.278.900
221114;000000;137.41;140.7;135.83;139.8;82.383.460
221115;000000;140.4;141;130.86;135.66;145.273.030
221116;000000;136.99;139.73;136.32;139.18;66.816.110
221117;000000;139.11;140.35;136.6;137.57;59.085.810
221118;000000;137.1;137.81;135.84;136.89;44.009.880
221121;000000;136.01;136.3;132.51;134.46;83.395.500
221122;000000;134.55;136;133.81;135.65;45.774.100
221123;000000;135.7;137.55;134.5;136.59;52.259.060
221124;000000;137;138.41;136.12;136.61;42.319.840
221125;000000;137.2;137.24;135.41;136.53;29.248.180
221128;000000;135.01;136.2;134.1;135.53;45.047.440
221129;000000;136.29;137.2;135.88;136.37;31.503.750
221130;000000;136.51;136.78;135.23;136.78;26.797.760
221201;000000;137.11;137.95;136.31;137.15;32.859.350
221202;000000;136.98;137.1;136.17;136.66;19.212.600
221205;000000;136.66;142.68;136.25;142;103.887.240
221206;000000;142.2;143.37;139.11;140.61;51.734.090
221207;000000;140.5;142.81;138.36;142.32;69.817.930
221208;000000;143.5;143.6;139.8;139.92;63.554.380
221209;000000;139.7;140.7;139.24;140.03;29.390.220
221212;000000;140.19;140.87;138.7;139.48;33.347.970
221213;000000;139.65;139.93;136.67;138.13;52.159.500
221214;000000;138.25;138.25;136.6;137.3;34.031.240
221215;000000;136.97;137.08;134.3;134.55;54.698.540
221216;000000;134.5;136.09;134.13;135.45;32.731.270
221219;000000;135.13;136.73;132.86;134.64;58.784.640
221220;000000;134.51;138.4;134.41;138.28;44.987.710
221221;000000;138.7;139.12;135.81;137.75;45.361.520
221222;000000;137.99;138.97;137;137.69;30.488.490
221223;000000;137.49;138.26;136.81;137.94;22.816.280
221226;000000;138.34;141;138;140.95;49.323.760
221227;000000;141.31;142;139.6;139.9;41.507.480
221228;000000;139.79;140.4;138.6;139.51;27.937.090
221229;000000;139.5;141.65;139.22;140.96;32.029.570
221230;000000;140.84;141.48;140.13;141.15;28.072.880
230103;000000;141.6;143.25;141.56;141.78;21.027.110
230104;000000;141.84;142.28;140.75;141.43;17.094.250
230105;000000;141.6;141.84;140.54;141.27;17.236.330
230106;000000;141.35;141.62;140.9;141.4;10.647.380
230109;000000;141.84;142.99;141.65;142.4;31.314.900
230110;000000;142.11;142.85;141.31;142.81;23.691.190
230111;000000;142.97;149.98;142.87;149.96;123.046.960
230112;000000;150.05;150.79;148.39;149.3;46.557.290
230113;000000;149.57;153.28;147.71;151.69;88.460.580
230116;000000;152.85;154;151.88;153.71;51.527.810
230117;000000;153.97;154.31;150.01;150.45;84.226.560
230118;000000;150.4;153;149.41;151.47;67.364.580
230119;000000;151.2;152.85;148.56;149.34;66.640.910
230120;000000;149.7;151.4;148.64;151.38;44.165.570
230123;000000;151.9;154.1;151.01;153.5;55.100.140
230124;000000;153.94;155.58;152.28;152.66;78.662.030
230125;000000;152.45;153.6;151.5;152.81;43.317.800
230126;000000;153.32;154.3;151.73;152.4;45.375.340
230127;000000;152.4;153.48;151.69;153.2;34.069.080
230130;000000;153.5;153.88;152.21;153.38;31.014.210
230131;000000;153.51;158.18;153.3;158.07;77.840.320
230201;000000;158.2;159.6;156.5;158.29;66.229.060
230202;000000;158.39;160.29;157.37;159.45;53.822.290
230203;000000;159.09;162.32;157.88;161.26;63.595.690
230206;000000;161.71;167.17;161.01;167.09;88.885.050
230207;000000;167.3;168.7;163.4;165.39;92.561.690
230208;000000;165.1;166.35;162.7;164.15;58.565.870
230209;000000;164.35;167.47;161.27;165.31;107.000.260
230210;000000;165;166.49;164.5;165.52;40.772.540
230213;000000;165.21;166.88;164.17;164.32;36.134.650
230214;000000;164.3;164.38;161.64;161.86;58.676.770
230215;000000;160.93;161.12;153.83;156.25;113.600.860
230216;000000;157.34;159.3;156.25;158.22;68.386.460
230217;000000;157.95;160.38;156.91;159.73;51.777.410
230220;000000;159.42;161.3;156.73;160.09;63.810.790
230221;000000;160.64;165.65;159.26;164.15;127.324.000
230222;000000;164.13;164.42;162.5;163.37;43.695.690
230224;000000;163.33;165.5;163.1;164.3;37.700.530
230227;000000;163.64;170;162.96;169.95;100.005.170
230228;000000;170.48;171.92;168.37;169.82;80.540.860
230301;000000;170.4;171.66;169.5;170.53;53.655.680
230302;000000;170.4;170.4;166.55;168.05;86.014.000
230303;000000;168.2;171.26;167.9;171.16;49.424.990
230306;000000;172.13;172.99;171.35;171.84;64.237.540
230307;000000;171.87;174.2;171;174.01;55.231.190
230309;000000;174.85;174.89;172.21;172.55;79.748.090
230310;000000;171.71;173;170.58;172.53;49.778.720
230313;000000;172.53;173.9;169.26;172.15;73.298.080
230314;000000;171.65;176.95;171.01;175.71;89.212.040
230315;000000;176;177.37;173.59;175.3;79.838.900
230316;000000;174.9;176.04;173.36;175.45;51.345.380
230317;000000;183.02;193.66;178.56;193.59;384.905.230
230320;000000;196.03;205.09;195;203.73;155.827.740
230321;000000;204.75;208;201.25;203.32;122.268.990
230322;000000;203.41;204.4;201.59;202.89;57.464.560
230323;000000;202.55;204.2;202.22;202.58;26.484.020
230324;000000;202.85;203.85;202;203.57;24.297.290
230327;000000;204.02;213.2;204.01;211.84;101.348.890
230328;000000;212.85;214.7;210.67;214.03;73.669.280
230329;000000;214.86;219.53;213.6;217.99;96.549.640
230330;000000;217.34;218.45;216.12;216.87;40.737.550
230331;000000;217.2;217.35;211.3;216.6;88.023.190
230403;000000;218.45;219.44;214.8;216.09;54.788.980
230404;000000;216.2;217.29;213.8;214.83;45.747.250
230405;000000;214.69;216.3;211.4;216.15;46.127.960
230406;000000;216.3;217.38;214.07;214.25;38.993.420
230407;000000;214.5;216.39;213.65;216.27;29.157.060
230410;000000;217.1;222.26;216.61;222.21;84.958.930
230411;000000;222.9;223.33;217.62;218.6;98.349.200
230412;000000;218.62;219.7;216.67;219.22;44.633.200
230413;000000;219.41;220.89;218;219.85;32.580.550
230414;000000;219.99;222.5;218.51;221.87;43.248.810
230417;000000;222.97;228.2;222.91;228.1;78.562.510
230418;000000;227.89;232.76;227.05;232.66;97.459.980
230419;000000;232.67;237.37;231.1;232.95;115.494.020
230420;000000;233.32;236.47;229.84;236.28;85.046.740
230421;000000;237.4;238.85;233.52;235.17;115.606.560
230424;000000;235.09;236.4;234.1;235.1;30.405.040
230425;000000;235.16;235.82;234.21;235.3;32.063.750
230426;000000;235.55;235.95;234.91;235.21;24.351.620
230427;000000;235.51;240.74;235.13;240.38;68.224.840
230428;000000;240.86;241.58;237.66;240.38;49.494.960
230502;000000;242.2;245;237.4;242.62;83.246.880
230503;000000;242.85;242.99;234;235.77;76.740.930
230504;000000;236.51;239.74;236.05;238.89;53.006.840
230505;000000;239.19;240.66;237.3;237.7;61.314.710
230508;000000;238.65;239.86;237.36;238.27;47.676.110
230510;000000;216.51;227.5;215.7;227.06;154.134.860
230511;000000;228.57;235.38;223.94;229.32;197.037.380
230512;000000;231.05;232.47;226.15;229.29;69.831.820
230515;000000;230.54;231.75;228.52;231.7;48.873.370
230516;000000;232.4;232.86;229.57;230.62;36.429.340
230517;000000;229.86;230.97;228.75;230.55;31.635.370
230518;000000;231.72;234.49;230.72;231.7;55.909.060
230519;000000;230.98;232.3;229.81;231.27;31.540.330
230522;000000;232.2;232.78;230;231;26.351.890
230523;000000;231.24;237.29;230.21;236.43;62.996.030
230524;000000;237.49;246.13;236.26;246.06;85.850.770
230525;000000;246.11;247.4;242.65;243.76;70.582.820
230526;000000;243.49;249.64;242.81;248.1;69.113.640
230529;000000;249.77;252.59;248.85;251.18;67.591.330
230530;000000;248.84;250.85;243.8;244.65;82.871.290
230531;000000;244;247.18;240.27;246.17;72.797.140
230601;000000;247;247;240.57;241.66;51.897.410
230602;000000;242.01;245.5;240.77;243.95;46.465.000
230605;000000;243.51;244.15;235.1;237.12;78.650.640
230606;000000;236;242.1;232.54;240.91;100.337.100
230607;000000;241.23;244.39;238.56;241.25;63.082.450
230608;000000;241.3;242.78;239.55;241.77;29.851.820
230609;000000;242.79;243;240.11;240.4;27.458.600
230613;000000;241.51;244.5;240.63;244.33;40.478.120
230614;000000;245.7;247.68;242.8;244.6;51.810.860
230615;000000;245.12;245.94;243.22;245.18;40.015.310
230616;000000;245.5;245.9;243.7;243.87;23.311.220
230619;000000;244.46;244.69;241.32;242.28;29.777.860
230620;000000;241.95;242.22;238.82;241.74;36.578.050
230621;000000;241.9;243.92;240.6;242.2;26.644.780
230622;000000;242.1;242.8;240.13;240.66;23.093.570
230623;000000;239.96;240.99;234.34;235.67;61.661.860
230626;000000;239.6;240.5;233.4;238.4;81.032.100
230627;000000;239.02;242.34;236.8;241.21;51.321.260
230628;000000;241.8;241.8;238.6;239.67;28.217.550
230629;000000;239.75;241.26;239.02;239.99;28.077.670
230630;000000;240;240.68;238.36;239.61;24.011.230
230703;000000;240;244.56;239.15;243.33;47.207.170
230704;000000;243.45;243.78;240.61;240.7;41.487.820
230705;000000;241.48;241.9;240.24;240.95;19.841.190
230706;000000;241.45;242.47;240.71;240.96;23.175.870
230707;000000;241.2;243.75;240.7;243.67;30.201.090
230710;000000;244.22;249.45;244.2;249.4;64.946.220
230711;000000;250.02;250.2;246.51;247.99;49.073.930
230712;000000;248.39;249.2;246.1;247.52;39.166.310
230713;000000;247.96;248.15;245.34;246.19;29.474.970
230714;000000;246.3;247.05;244.51;246.45;25.576.610
230717;000000;244.76;246.2;243.6;245.39;35.730.950
230718;000000;245.6;247.5;245.26;246.77;35.911.790
230719;000000;247.21;248.1;245;245.85;31.394.740
230720;000000;246.25;246.25;242.15;242.7;35.960.520
230721;000000;243.17;244.53;241.7;244.13;32.120.690
230724;000000;243.99;245.85;243.52;244.87;19.681.330
230725;000000;245.37;247.77;244.81;247.2;39.683.790
230726;000000;247.22;248.33;245.9;247.05;26.031.980
230727;000000;247.51;249.3;247.24;247.95;39.756.100
230728;000000;247.99;249.45;246.67;249.25;35.742.280
230731;000000;251.35;267.77;251.35;267.4;167.081.570
230801;000000;268.98;273.35;264.1;268.5;162.474.350
230802;000000;268.53;269.97;266.52;268.57;48.208.590
230803;000000;269.01;271.35;266.8;269.11;75.376.240
230804;000000;269.48;272.96;261.21;264.12;132.164.900
230807;000000;266.5;268.09;260.5;261.92;61.223.950
230808;000000;261.91;265.44;258.8;264.62;65.005.790
230809;000000;265.46;265.8;263.05;263.91;34.850.720
230810;000000;264.72;267.5;263.96;266.91;37.190.100
230811;000000;267.2;267.4;264.8;266.23;24.716.230
230814;000000;267.37;268.77;259.15;260.45;86.583.040
230815;000000;259.1;264.17;256.63;260.42;58.967.150
230816;000000;261.29;261.68;254.33;256.02;71.737.910
230817;000000;257.19;258.8;255.5;258.5;35.682.720
230818;000000;258.39;261.37;257.35;261.14;30.973.320
230821;000000;262.33;263.06;259.51;261.15;35.622.200
230822;000000;261.9;262.11;259.81;261.45;25.893.210
230823;000000;261.55;261.83;256;256.4;53.079.140
230824;000000;257.62;259.94;256.4;259.63;26.823.420
230825;000000;258.8;261.6;257.61;260.5;28.518.670
230828;000000;261.25;267.83;260.81;266.93;57.849.930
230829;000000;266.62;267.56;265.14;265.68;35.291.820
230830;000000;265.73;267.36;263.1;264.7;38.578.950
230831;000000;265.05;266.25;264.3;264.85;22.557.030
230901;000000;265.4;265.62;264.06;265;19.248.500
230904;000000;266.5;269.11;266;267.39;47.933.710
230905;000000;266.97;267.98;261.09;264.75;39.642.920
230906;000000;264.33;264.68;262.31;263.5;28.244.090
230907;000000;263.52;264.97;256.1;258.79;67.608.570
230908;000000;258.45;259.33;253.1;255.68;49.455.340
230911;000000;257;258.37;255.16;256.25;43.042.300
230912;000000;257.69;262.4;257.09;262.4;45.008.650
230913;000000;262.38;262.77;257.59;258.18;29.971.320
230914;000000;258.85;261.38;255.02;260;46.153.720
230915;000000;259.8;262.74;258.56;260.83;35.455.920
230918;000000;262.06;263;258.76;259.07;28.891.500
230919;000000;258.93;259.32;251.5;252.72;89.480.280
230920;000000;252.81;255.47;249.82;253.77;66.610.520
230921;000000;252.94;254.2;249.81;250.16;58.854.870
230922;000000;249.85;253.1;248.62;251.99;40.406.630
230925;000000;252.11;253.49;249.83;252.65;31.834.270
230926;000000;252.2;257.17;250.9;255.87;42.923.170
230927;000000;256.26;257.85;254.63;256.1;27.795.730
230928;000000;256.22;258.25;255.5;257.67;26.289.900
230929;000000;257.99;262.59;256.71;260.72;68.503.050
231002;000000;261.38;261.92;257.03;258.98;35.447.350
231003;000000;258.99;260.5;257.23;259.65;23.815.150
231004;000000;259;260.39;258.24;259.53;18.510.890
231005;000000;260.71;261.39;258.26;259.38;23.254.560
231006;000000;259.77;263.4;257.86;262.93;31.980.230
231009;000000;263.02;265.97;263;265.25;45.189.600
231010;000000;264.9;265.18;257;263;33.744.090
231011;000000;263.18;263.99;259.5;260.21;29.440.350
231012;000000;260.03;264.5;259.66;264.5;27.421.510
231013;000000;264.75;265.04;262.7;263.51;18.351.530
231016;000000;263.99;269.2;263.51;268.15;53.677.710
231017;000000;268.25;271.97;266.91;270;51.107.660
231018;000000;270;271.19;266.11;267.9;40.249.640
231019;000000;267.14;271;266.28;268.65;33.466.930
231020;000000;268.5;270.3;266.5;269.8;32.851.790
231023;000000;270.47;274.1;269.65;270.1;62.301.840
231024;000000;270.03;272.06;268.62;271.27;27.975.250
231025;000000;271.5;274.96;270.53;273.73;41.764.060
231026;000000;274.1;276;269.12;269.9;59.466.100
231027;000000;270;271.98;266.8;269.7;49.735.190
231030;000000;269.9;271.55;268.6;269.89;33.261.680
231031;000000;269.91;270.5;266.87;268.35;26.117.980
231101;000000;268.29;270.3;267.6;269.68;20.587.810
231102;000000;270.01;270.98;268.5;269.06;25.499.750
231103;000000;269.07;269.78;267.2;268.54;20.968.810
231106;000000;269;273.87;268.62;273.42;29.231.770
231107;000000;273.08;274.78;272.2;273.31;32.183.320
231108;000000;273.53;278.35;273.28;278.15;58.000.060
231109;000000;278.6;278.85;276.02;276.65;28.258.660
231110;000000;276.99;281.3;276.6;280.19;44.600.220
231113;000000;280.4;284.8;280.32;283.97;45.780.320
231114;000000;283.66;283.88;280.54;280.87;40.350.240
231115;000000;280.87;283.93;278.51;282.89;41.784.490
231116;000000;282.4;283.69;279.56;279.7;24.654.700
231117;000000;279.69;282.5;278.66;281.6;31.282.610
231120;000000;281.8;284.2;281.61;282.91;25.219.810
231121;000000;282.29;283.82;281.66;282.79;19.027.720
231122;000000;283.14;286.67;282.85;286.16;47.267.490
231123;000000;286.16;287.77;285.04;286.19;27.692.900
231124;000000;286.48;287.5;285.11;286.85;26.019.540
231127;000000;287.41;289;278.88;282.33;79.026.910
231128;000000;282.4;282.51;277.32;279.91;45.475.110
231129;000000;279.48;280.56;276.2;276.8;29.776.060
231130;000000;276.71;278.65;272.75;277.5;55.837.620
231201;000000;277.04;277.98;273.55;273.97;31.604.310
231204;000000;273.59;274.95;270.52;270.96;37.456.310
231205;000000;271.97;279.65;270.54;279.62;46.800.410
231206;000000;279.92;280.79;266.83;267.58;99.849.690
231207;000000;267.74;270.44;263.06;265.12;63.509.590
231208;000000;266.01;268.23;263.72;265.16;35.322.130
231211;000000;265.17;266.47;254.81;256.89;77.590.450
231212;000000;256.79;262.88;255.05;257.6;63.807.080
231213;000000;257.58;261.39;256.5;260.45;29.760.860
231214;000000;261.4;262.75;255.58;256.64;40.477.500
231215;000000;256.61;268.91;256.61;268.21;84.643.800
231218;000000;268.9;270.44;266.54;268.4;51.515.190
231219;000000;268.35;269.71;265;267.35;38.229.660
231220;000000;267.52;269.1;266.2;266.61;30.929.220
231221;000000;266.55;266.87;263.5;265.19;33.214.370
231222;000000;266.07;271.9;265.37;271.3;58.687.300
231225;000000;271.75;273.85;270.05;271.08;37.827.910
231226;000000;271;272.89;270;271.9;22.575.240
231227;000000;271.9;272.59;270.85;271.08;17.191.450
231228;000000;270.99;272.48;268.52;271.74;29.416.450
231229;000000;272.08;272.59;270.55;270.82;20.792.860
240103;000000;271.75;274.7;271;274.56;20.408.560
240104;000000;274.68;275.48;273.7;274.12;11.679.550
240105;000000;274.3;274.69;272.8;273.62;9.622.380
240108;000000;273.59;277;273.53;276.76;21.427.450
240109;000000;276.94;278;274.71;275.28;20.263.120
240110;000000;275.3;276.16;273.64;274.49;20.618.950
240111;000000;274.62;275.97;274.01;275.71;19.520.470
240112;000000;275.9;276.96;274.77;275.84;17.608.350
240115;000000;276.3;277.73;275.21;275.96;21.283.290
240116;000000;276.24;276.45;274.1;276.01;16.084.140
240117;000000;276.02;279.17;275.75;278;34.137.100
240118;000000;278.22;278.87;276.76;277.07;17.671.830
240119;000000;277.39;277.47;273.55;274.86;28.038.880
240122;000000;274.89;275.9;273.85;274.93;15.050.630
240123;000000;274.69;277.26;274.31;275.9;20.017.040
240124;000000;275.94;276.44;273.7;273.77;20.187.430
240125;000000;274.03;274.18;271.55;272.81;24.422.490
240126;000000;273.1;273.72;272.21;272.65;11.102.660
240129;000000;273.05;274.95;272.7;274.05;17.043.130
240130;000000;274.05;277.25;273.97;275.67;27.222.730
240131;000000;275.8;276.45;275;276;12.527.800
240201;000000;276.07;277.75;275.93;276.86;15.941.680
240202;000000;277.01;277.3;276;276.74;12.688.460
240205;000000;276.94;278.57;276.9;277.84;16.017.040
240206;000000;278;278.99;277.3;278.67;15.925.370
240207;000000;278.81;284.5;278.81;284.41;45.347.300
240208;000000;284.56;286.24;281.25;282.17;44.060.410
240209;000000;282.16;284;281.5;283.5;24.301.430
240212;000000;283.67;287.84;283.5;287.28;33.867.350
240213;000000;287.52;289;285.4;287.07;33.266.090
240214;000000;287.08;290.6;286.84;289.06;35.814.960
240215;000000;289.26;290.45;287.63;290.24;25.888.540
240216;000000;290.47;292.3;286.25;288.33;53.426.930
240219;000000;288.59;289.98;287.07;288.93;24.275.510
240220;000000;289.23;289.28;283.29;283.9;44.931.560
240221;000000;283.91;285.28;280.2;282;48.809.450
240222;000000;282.24;285.05;282.1;284.77;25.107.350
240226;000000;288.52;291.3;287;291.25;42.606.720
240227;000000;291.34;293;290.55;292.52;32.411.030
240228;000000;292.61;293.95;289.75;291.75;49.212.360
240229;000000;292.3;293.2;291.3;292.19;22.398.680
240301;000000;292.21;295.88;292.21;295.38;27.050.460
240304;000000;295.8;299.5;295.8;299.17;40.526.260
240305;000000;299.32;300.41;297.57;298.4;41.691.010
240306;000000;298.19;299.33;296.82;297.71;17.675.740
240307;000000;297.72;300.58;297.24;300.4;21.933.870
240311;000000;300.99;302.95;298.5;299.79;41.634.000
240312;000000;299.54;301.07;297.34;300.9;28.579.520
240313;000000;301.2;301.49;298.7;298.85;23.980.400
240314;000000;298.47;298.7;295.14;295.83;42.076.250
240315;000000;295.75;299.44;295.29;298.3;26.002.750
240318;000000;299.41;299.98;297.63;298.87;20.213.950
240319;000000;298.3;299.4;294.21;295.2;59.646.690
240320;000000;295.4;296.88;293.52;295.4;30.646.650
240321;000000;295.95;297.3;291.8;295.62;70.581.560
240322;000000;295.77;296.79;291.05;292.99;48.966.360
240325;000000;294;294.93;292.13;293.9;25.449.910
240326;000000;294.44;295.82;293.04;294.11;16.268.420
240327;000000;294.45;295.11;293.47;295.1;14.531.720
240328;000000;295.51;299.3;295.51;299;33.617.440
240329;000000;299.37;299.5;298;298.72;17.644.190
240401;000000;299.99;301.65;299.5;300.43;28.378.290
240402;000000;300.42;300.99;298.95;300.38;19.900.790
240403;000000;300.39;307.13;300.17;306.72;58.210.390
240404;000000;306.8;307.77;304.36;304.61;29.046.010
240405;000000;304.65;306.5;303.7;306.1;19.315.070
240408;000000;306.5;308.6;306.22;307.75;24.816.860
240409;000000;308.1;309.35;305.51;306.76;31.960.600
240410;000000;306.76;307.14;304.62;306.48;20.618.060
240411;000000;306.64;308;305.7;306.95;20.511.760
240412;000000;307.41;307.87;306.3;307.1;16.001.210
240415;000000;307.4;308.39;306.64;307.99;20.711.610
240416;000000;308;308.65;307;308.29;17.030.710
240417;000000;308.64;309.74;305.91;306.59;28.070.320
240418;000000;306.02;308.29;305.05;307.99;20.296.500
240419;000000;308.02;308.38;306.8;307.38;14.563.250
240422;000000;307.99;315;307.38;314.99;68.916.500
240423;000000;315.3;315.79;306.26;307.39;92.606.890
240424;000000;307.52;309.79;306.65;307.94;26.515.970
240425;000000;307.96;309.07;307.45;308.41;15.934.990
240426;000000;308.5;309.9;308;309;21.126.710
240427;000000;309.2;309.99;308.7;308.98;13.089.900
240429;000000;309.13;309.6;307.65;308.97;10.004.910
240430;000000;309.19;309.49;308.03;308.24;5.969.290
240502;000000;308.71;309.19;306.8;307.37;16.246.440
240503;000000;307.16;308.29;304.34;307.53;30.440.790
240506;000000;308.08;308.09;305.55;306.01;19.100.370
240507;000000;306.25;308.87;306.21;308.22;16.606.530
240508;000000;308.41;311.83;308.08;311.21;33.875.380
240510;000000;311.49;313.5;311.31;313.49;16.675.700
240513;000000;314.1;315.7;314.04;314.85;21.503.920
240514;000000;314.98;318.41;313.58;318.12;35.181.520
240515;000000;318.2;320.16;317.7;319.7;28.195.960
240516;000000;320.01;322.91;320;322.91;27.790.120
240517;000000;322.95;323.5;320.02;323.16;24.321.350
240520;000000;324;324.85;318.94;321.08;36.547.050
240521;000000;320.89;322.23;318;320.64;33.999.260
240522;000000;320.84;323.1;320.84;322.93;18.635.350
240523;000000;322.8;324;321.23;323.54;17.835.590
240524;000000;323.83;324.48;319.78;321;26.553.810
240527;000000;321.08;321.95;315.5;317.09;45.678.990
240528;000000;317.49;320.9;315.82;318.22;30.148.450
240529;000000;318.4;320.4;315.92;320.38;22.961.680
240530;000000;320.91;321.55;316;316.63;26.931.430
240531;000000;316.5;318.49;309.8;313.11;49.135.220
240603;000000;313.5;315.5;305;310.95;61.756.350
240604;000000;310.97;316.5;308.8;316.49;33.007.760
240605;000000;316.63;318.28;313.85;314.72;27.769.570
240606;000000;314.7;316.45;311.15;313.08;28.304.600
240607;000000;313.61;320.64;312.73;319.9;44.451.740
240610;000000;320.79;321.98;315.21;317.28;26.271.510
240611;000000;317.5;319.84;315.88;317.8;20.045.280
240613;000000;305.83;317.82;304.14;317.71;40.596.660
240614;000000;317.8;320.7;316.2;319.35;21.471.310
240617;000000;320;320.45;316.85;317.65;15.421.940
240618;000000;317.65;318;313.02;314.34;21.995.830
240619;000000;314.38;314.78;307.51;310.7;42.166.660
240620;000000;310.71;314.72;306.02;314.15;72.766.890
240621;000000;314.9;316;312.6;314.14;29.078.260
240624;000000;314.57;319;314.14;317.25;29.541.850
240625;000000;317.42;319.89;316.28;319.8;25.961.320
240626;000000;320.1;324.56;319.8;324.55;42.419.730
240627;000000;324.8;327.83;322.63;327.16;46.744.210
240628;000000;327.83;329.3;325.8;327.15;40.401.840
240701;000000;327.68;329;326.25;327.1;31.651.010
240702;000000;327.3;328.87;326.82;328.37;21.147.250
240703;000000;328.6;330.45;327;328.2;32.149.800
240704;000000;328.37;329.57;323.81;324.66;40.717.120
240705;000000;324.72;327;321.01;325;40.395.560
240708;000000;325.76;327.44;323.74;324.07;27.707.420
240709;000000;324.32;325.33;317.5;319.99;54.117.710
240710;000000;319.01;320.3;314.3;316.68;88.434.130
240711;000000;289.96;296.98;285.22;295.87;163.673.770
240712;000000;296.01;297.48;290.97;292.21;49.886.960
240715;000000;292.93;293.86;283.5;284.38;58.676.410
240716;000000;284.49;285.69;276.7;285.25;82.828.490
240717;000000;285.84;289.96;283.23;284.68;42.767.400
240718;000000;284.69;289.99;282.73;289.83;34.064.140
240719;000000;290.67;292.58;289.2;289.9;30.979.970
240722;000000;291;294.95;291;294.71;33.311.040
240723;000000;295.45;295.48;293.36;294.39;22.093.540
240724;000000;294.38;296.67;293.2;295.69;24.544.600
240725;000000;295.7;297.3;294.2;296.37;22.844.710
240726;000000;296.4;300;292.67;293.3;84.884.940
240729;000000;292.94;292.94;286;286.58;52.219.730
240730;000000;286.5;291.99;284.32;290;42.534.130
240731;000000;290.46;291.2;288.01;289.3;25.920.100
240801;000000;289.75;290.69;287.04;287.21;18.623.090
240802;000000;287.21;287.99;284.37;286.04;30.076.980
240805;000000;282.79;283.46;275.17;275.49;81.937.270
240806;000000;277.02;281.16;276.35;279.4;43.202.810
240807;000000;280.01;283.27;277.21;282.2;48.382.920
240808;000000;283.25;285.42;280;281.09;42.244.110
240809;000000;280.98;282.67;279.62;281.44;22.241.490
240812;000000;280.17;281.5;278.03;280.74;27.637.540
240813;000000;281.05;284.33;280.42;283.92;24.020.180
240814;000000;284.2;284.7;280.12;280.32;21.714.850
240815;000000;280.62;280.85;276.73;278.01;28.609.160
240816;000000;278.06;279;274.32;274.6;26.162.430
240819;000000;275.08;275.56;265.02;268.17;68.554.390
240820;000000;268.35;269.49;263.36;266.2;54.188.810
240821;000000;266.16;267.8;263.86;266.93;37.082.330
240822;000000;266.93;268.5;260.15;261.6;47.832.270
240823;000000;261.7;262.8;255.56;259.5;76.692.590
240826;000000;263.55;266.95;261.54;265.39;49.740.810
240827;000000;265.82;266.07;259.82;260.5;32.322.390
240828;000000;259.9;262.47;254.99;262.47;47.819.940
240829;000000;262.59;264.19;258.36;260.31;34.789.950
240830;000000;260.55;261.8;254;254.45;46.093.930
240902;000000;254.03;254.2;242.65;244.31;97.567.000
240903;000000;244.39;250;240.01;244.04;105.623.660
240904;000000;244.51;253.5;242.8;253.01;70.628.230
240905;000000;255;258.17;251.11;252.82;78.275.280
240906;000000;253.04;255.35;250.31;254.77;41.321.430
240909;000000;256;263.45;255.3;263.31;66.034.220
240910;000000;264.6;264.61;258.7;261.29;57.661.380
240911;000000;260.8;262;257.5;258.2;38.187.230
240912;000000;257.79;258.68;252.85;254.93;46.294.910
240913;000000;255.18;259.92;248.75;258.25;111.072.970
240916;000000;259.65;264.37;257.8;263.79;52.514.890
240917;000000;264.12;267;260.55;265.99;57.482.960
240918;000000;265.73;267.99;263.15;263.4;43.207.650
240919;000000;263.93;266.19;262.32;264.5;35.624.340
240920;000000;264.55;269.21;264.5;269.08;38.731.230
240923;000000;269.32;273.8;269.3;273.17;49.321.720
240924;000000;273.83;273.94;270.5;272.92;36.940.480
240925;000000;272.93;273.8;267.3;267.8;43.747.450
240926;000000;267.6;269.76;265.41;267.88;31.838.840
240927;000000;268.5;269.7;267.17;268.07;18.850.980
240930;000000;269.25;272.33;268.14;268.49;42.404.640
241001;000000;267.64;268.68;264;266.29;51.992.710
241002;000000;266.28;268;258.52;259.31;46.490.120
241003;000000;259.31;264.49;257.2;264.25;56.487.900
241004;000000;264.95;265.44;262.11;264.09;25.906.840
241007;000000;264.25;267;261.37;263.39;28.903.960
241008;000000;263.19;263.8;261.89;262.4;16.119.810
241009;000000;262.55;263.8;259.59;260.86;24.955.850
241010;000000;260.89;261.64;258.91;259.98;17.641.350
241011;000000;259.81;260.07;256.8;256.94;24.807.370
241014;000000;256.47;263.91;254.1;261.28;64.068.170
241015;000000;260.94;263.7;259.84;262.03;26.188.700
241016;000000;262.06;264.72;258.45;259.5;40.177.540
241017;000000;259.5;260.45;256.03;256.57;24.610.370
241018;000000;256.5;258.9;254.41;257.19;29.989.090
241021;000000;257.27;259.85;256.78;258.21;21.431.740
241022;000000;258.1;258.8;255.25;255.42;17.034.860
241023;000000;255.25;255.9;251.34;252.01;30.386.580
241024;000000;252.02;254.27;250.25;252.64;28.722.160
241025;000000;252.76;255.35;245.7;246.35;80.582.460
241028;000000;245.07;249;241.61;242.56;71.823.960
241029;000000;243.19;244.6;239.88;242.66;47.036.950
241030;000000;242.86;246.22;241.11;241.45;39.715.140
241031;000000;241.39;242.8;236.23;237.9;57.012.180
241101;000000;237.91;239.1;234.57;238.03;48.318.530
241102;000000;237.88;240;237.71;238.97;14.853.190
241105;000000;239.61;241.2;238.07;239.23;28.108.960
241106;000000;247;248.56;242.05;243.6;77.709.700
241107;000000;243.26;251;242.16;250.93;44.425.190
241108;000000;251.5;255.99;250.5;255.98;57.955.250
241111;000000;257.98;261.3;256.49;260.73;67.108.770
241112;000000;259.99;260.7;255.27;255.77;40.858.380
241113;000000;255.3;258.96;254.05;254.7;44.517.870
241114;000000;254.3;255.92;248.6;249.52;48.972.450
241115;000000;249.4;254.43;248.05;253.43;44.169.640
241118;000000;249.09;251.94;247.3;248.72;51.127.080
241119;000000;249.05;249.83;239.62;240.59;75.453.920
241120;000000;241.8;243.59;234.74;237.05;70.236.990
241121;000000;237.16;240.94;234;240.47;75.052.950
241122;000000;240.55;241;234.78;236;45.501.870
241125;000000;236;237.1;227.25;227.81;76.358.230
241126;000000;227.81;231.9;221.2;223.16;96.738.220
241127;000000;223.88;226.47;219.2;226.3;112.401.690
241128;000000;227.06;229.5;222.48;228.56;67.717.140
241129;000000;228.48;236.99;227.55;236.49;70.247.610
241202;000000;237.09;238.7;234.32;235.17;45.050.170
241203;000000;235.29;235.97;230.26;230.8;45.313.800
241204;000000;231.05;233.79;224.3;224.55;72.374.990
241205;000000;224.6;233.75;222.82;233.48;86.902.200
241206;000000;233.63;238.25;231.52;237.84;81.003.410
241209;000000;239.27;240.51;236.75;237.29;52.314.320
241210;000000;238;238.01;230.65;230.82;58.548.350
241211;000000;230.5;234.39;229.22;234.19;64.817.940
241212;000000;234;235.95;228.52;229.02;59.118.900
241213;000000;228.89;231.33;227.85;228.7;46.091.280
241216;000000;228.6;229.05;224.38;225.53;54.519.260
241217;000000;225.58;227.49;223.72;226.5;45.827.690
241218;000000;226.72;230.8;224.33;230.15;58.002.020
241219;000000;230.17;234.99;227.71;229;123.831.990
241220;000000;229.32;258.98;228.03;257.6;235.163.880
241223;000000;260;270;256.51;264.9;162.588.610
241224;000000;264.93;266.79;261.02;264.34;83.747.800
241225;000000;263.64;273;260.31;271.69;125.501.440
241226;000000;272.02;274.25;269.1;269.56;75.523.970
241227;000000;269.69;272.16;268.57;271.2;52.121.690
241228;000000;271.37;273.99;270.4;272.83;39.560.080
241230;000000;273.99;279.49;273.7;279.43;52.353.840
250103;000000;279.99;280.41;271.8;272.25;42.928.720
250106;000000;270.88;274.41;270.07;274.37;28.260.720
250108;000000;273.39;277.87;273.09;277;26.185.200
250109;000000;276.89;278.77;270.73;271.8;52.866.520
250110;000000;272.32;279.53;270.27;278.77;71.104.590
250113;000000;280.65;284.75;278.6;279.8;66.252.420
250114;000000;279.82;282.36;277.41;279.85;45.983.040
250115;000000;280;282.82;276.06;282.77;52.822.640
250116;000000;283.72;284;281.18;281.8;49.321.630
250117;000000;282.2;284.64;280.19;283.53;51.815.780
250120;000000;285.11;286.23;277.61;278.19;67.543.880
250121;000000;279.39;281.85;276.32;281.85;40.374.630
250122;000000;281.94;284;280.2;280.36;47.032.130
250123;000000;280.79;280.79;277.35;280.49;38.509.890
250124;000000;281;282.75;279.25;280.74;32.083.360
250127;000000;280.72;280.97;275.01;275.23;39.028.630
250128;000000;275.25;279.26;274.01;278.35;39.024.990
250129;000000;277.95;282.18;277.12;280.36;39.150.990
250130;000000;280.37;282.5;280.36;281.97;28.018.670
250131;000000;281.83;284.11;280.27;280.73;40.327.370
250203;000000;280.21;280.35;278;279.55;30.335.260
250204;000000;279.55;281.41;275.7;277.4;23.982.810
250205;000000;277.3;283.89;275.34;282.88;43.063.150
250206;000000;283.89;288.92;282.09;287.15;69.290.140
250207;000000;287.66;288.9;285.08;285.81;27.610.110
250210;000000;287.64;294.55;287.61;289.94;72.903.060
250211;000000;290.42;294.1;289.3;294.06;55.991.750
250212;000000;294.3;314.4;291.3;314;185.802.940
250213;000000;315.61;318.72;307.2;310.1;116.571.990
250214;000000;315.59;317.84;303.06;309.87;126.690.930
250217;000000;314;319.55;312.31;319.5;84.607.980
250218;000000;319.9;320.92;310.21;312.95;84.855.800
250219;000000;313.53;317.25;311.01;315.91;50.473.290
250220;000000;315.91;317.96;314.02;315.05;33.153.140
250221;000000;315.48;316.69;312;314.74;32.724.140
250224;000000;314.93;316.4;313;316.03;35.706.150
250225;000000;316.03;318.59;315.62;316.97;38.812.180
250226;000000;317;317.45;308.31;310.22;73.822.090
250227;000000;310.22;312.45;305.43;307.1;60.919.290
250228;000000;306.01;310.4;304.05;309.63;65.631.160
250301;000000;309.84;310.94;309.47;310.11;1.138.430
250302;000000;309.5;309.63;306.8;307.44;1.885.110
250303;000000;306.45;307.92;300.2;305.5;66.383.120
250304;000000;306.43;318.5;306.14;316.4;88.099.480
250305;000000;316.5;318.3;313;313.56;57.710.050
250306;000000;313.63;317.43;313.57;315.18;31.957.120
250307;000000;315.3;321.87;310.69;316.92;110.870.150
250310;000000;317;320.63;316.37;317.57;39.294.670
250311;000000;317.78;321.98;315.57;319.69;64.926.270
250312;000000;319.8;320.9;315.8;318.39;41.920.410
250313;000000;318.39;320.5;312.5;316.37;78.546.460
250314;000000;315.91;321.1;314.12;320.51;51.691.040
250315;000000;320.69;321.3;319.82;320.74;1.455.280
250316;000000;320.52;323.5;320.52;323.44;5.680.630
250317;000000;323.45;326.97;322.62;326.02;58.625.040
250318;000000;326.19;329.77;323.82;324.06;72.941.970
250319;000000;324.49;326.88;322.3;325.3;39.792.530
250320;000000;325.41;326;321.8;324.05;42.352.140
250321;000000;324;326.08;322.15;323.26;28.693.860
250324;000000;323.26;323.94;318.51;319.47;33.031.030
250325;000000;320;322.2;314.65;319.8;48.324.870
250326;000000;320;320.88;315.01;315.23;20.575.860
250327;000000;315.8;317.16;311.95;311.96;36.144.680
250328;000000;311.95;313.65;305.65;308.04;51.856.020
250329;000000;307.8;308.3;302.64;303.89;5.739.820
250330;000000;303.2;305.3;298.8;299.22;9.158.830
250331;000000;300.07;310.88;300;309.72;48.301.070
250401;000000;310.01;312.9;302.7;303.24;46.073.820
250402;000000;303.22;306.5;301.21;306.11;40.192.400
250403;000000;306.28;309.2;296;302.09;52.379.750
250404;000000;303.55;304.37;284.4;285.35;88.534.980
250405;000000;285.25;287.03;280.11;284.98;14.100.160
250406;000000;285.35;290.47;284.22;290.35;8.755.880
250407;000000;285.3;294;275.76;287.56;125.059.850
250408;000000;290;294.66;281.5;282.03;65.473.560
250409;000000;280.91;294.48;276.33;293.4;109.320.240
250410;000000;294.09;296.75;288.27;292.46;62.750.700
250411;000000;292.8;300.48;292.8;299.81;50.415.310
250412;000000;300.18;301.8;300.03;300.95;4.615.240
250413;000000;300.88;301.99;300.01;301.49;4.079.210
250414;000000;301.49;302.4;295.13;296.5;34.689.330
250415;000000;296.51;300.45;295.6;297.99;24.246.330
250416;000000;298.09;303.3;296.06;300.8;30.083.090
250417;000000;301;305.07;300.41;304.8;37.528.700
250418;000000;302.7;303.85;296.25;300.01;46.057.000
250421;000000;302.67;308.7;301.76;308.12;51.188.620
250422;000000;308.5;315;306.55;312.25;64.466.770
250423;000000;313;314.98;305.55;310;58.824.230
250424;000000;310.78;312.8;309.09;310.16;24.105.720
250425;000000;310.89;317.87;310.71;316.69;51.669.060
250426;000000;318.42;320.26;317;317.58;9.511.000
250427;000000;318.2;318.97;317.39;318.18;2.238.080
250428;000000;318.36;320;313.52;314.23;52.304.570
250429;000000;314.94;315.45;308.1;309.41;30.218.510
250430;000000;309.4;309.95;303.12;307.8;41.262.390
250502;000000;307.73;307.73;299.7;299.96;19.718.480
250503;000000;299.9;302.24;299.52;300.7;2.942.530
250504;000000;300.7;302.78;300.02;301.8;2.867.700
250505;000000;301.82;302.59;291.66;294.64;45.487.870
250506;000000;294.65;304.75;292.05;302.02;49.317.710
250507;000000;302.51;304.24;300.56;302.79;29.655.240
250508;000000;302.99;306;300.61;302.15;20.809.880
250510;000000;303.53;304;301.7;302.38;2.084.470
250511;000000;305.85;307.64;304.55;305.48;8.172.680
250512;000000;307.55;311.49;307.26;310.81;34.653.810
250513;000000;310.8;312.5;309.61;311.24;24.729.810
250514;000000;311.5;313.71;304.04;304.21;27.149.310
250515;000000;304.21;307.77;300.49;304.72;47.415.670
250516;000000;304.71;308.88;296.56;306.34;63.950.560
250517;000000;306.34;309.48;306.01;308.89;4.795.590
250518;000000;309.67;311.86;309.3;311.15;5.402.510
250519;000000;311.48;313;306.34;308.33;44.482.040
250520;000000;308.88;309.55;304.7;306.16;19.804.720
250521;000000;306.18;307.56;302.89;303.98;20.454.350
250522;000000;304.03;305.6;299.17;302.66;35.011.620
250523;000000;302.8;305;301.33;302.22;17.168.890
250526;000000;302.23;302.49;295.5;297.77;34.610.630
250527;000000;297.68;299.9;293.08;298.7;25.752.260
250528;000000;299.06;308.82;299;308.47;47.995.510
250529;000000;308.65;309.95;305.66;306.65;24.021.920
250530;000000;306.5;310.29;305.01;309.3;21.903.940
250531;000000;309.31;309.84;308.31;308.74;1.459.500
250601;000000;308.69;308.69;300.51;303.14;11.904.960
250602;000000;302.6;311.99;302;309.63;41.186.650
250603;000000;309.7;314.88;309.39;313.55;34.901.410
250604;000000;314.04;318.29;311.17;313.23;53.773.500
250605;000000;313.78;318.59;313.53;317.96;28.353.280
250606;000000;318.35;325.43;312.52;313.13;102.005.180
250607;000000;314;314.95;313.72;314.65;2.022.260
250608;000000;314.66;314.88;313.61;314.35;1.618.500
250609;000000;314.7;315.51;310;311.17;30.107.660
250610;000000;311.22;313.3;307.55;308.68;27.810.150
250611;000000;309.45;313.6;308.03;312;26.270.980
